路線名,駅,駅ID
ＪＲ山手線,東京,000525620
ＪＲ山手線,有楽町,000540650
ＪＲ山手線,新橋,000520110
ＪＲ山手線,浜松町,000531160
ＪＲ山手線,田町,000523500
ＪＲ山手線,高輪ゲートウェイ,000584570
ＪＲ山手線,品川,000517460
ＪＲ山手線,大崎,000505780
ＪＲ山手線,五反田,000514970
ＪＲ山手線,目黒,000539110
ＪＲ山手線,恵比寿,000505050
ＪＲ山手線,渋谷,000517640
ＪＲ山手線,原宿,000531250
ＪＲ山手線,代々木,000541280
ＪＲ山手線,新宿,000519670
ＪＲ山手線,新大久保,000519120
ＪＲ山手線,高田馬場,000522350
ＪＲ山手線,目白,000539120
ＪＲ山手線,池袋,000502060
ＪＲ山手線,大塚,000506000
ＪＲ山手線,巣鴨,000520550
ＪＲ山手線,駒込,000515330
ＪＲ山手線,田端,000523410
ＪＲ山手線,西日暮里,000529160
ＪＲ山手線,日暮里,000529650
ＪＲ山手線,鶯谷,000504160
ＪＲ山手線,上野,000504030
ＪＲ山手線,御徒町,000506530
ＪＲ山手線,秋葉原,000500480
ＪＲ山手線,神田,000510270
ＪＲ京浜東北線,赤羽,012500380
ＪＲ京浜東北線,東十条,012531960
ＪＲ京浜東北線,王子,012505180
ＪＲ京浜東北線,上中里,012509240
ＪＲ京浜東北線,田端,012523410
ＪＲ京浜東北線,西日暮里,012529160
ＪＲ京浜東北線,日暮里,012529650
ＪＲ京浜東北線,鶯谷,012504160
ＪＲ京浜東北線,上野,012504030
ＪＲ京浜東北線,御徒町,012506530
ＪＲ京浜東北線,秋葉原,012500480
ＪＲ京浜東北線,神田,012510270
ＪＲ京浜東北線,東京,012525620
ＪＲ京浜東北線,有楽町,012540650
ＪＲ京浜東北線,新橋,012520110
ＪＲ京浜東北線,浜松町,012531160
ＪＲ京浜東北線,田町,012523500
ＪＲ京浜東北線,高輪ゲートウェイ,012584570
ＪＲ京浜東北線,品川,012517460
ＪＲ京浜東北線,大井町,012505480
ＪＲ京浜東北線,大森,012506360
ＪＲ京浜東北線,蒲田,012508940
ＪＲ東海道本線,東京,016025620
ＪＲ東海道本線,新橋,016020110
ＪＲ東海道本線,品川,016017460
ＪＲ常磐線,品川,050017460
ＪＲ常磐線,新橋,050020110
ＪＲ常磐線,東京,050025620
ＪＲ常磐線,上野,050004030
ＪＲ常磐線,日暮里,050029650
ＪＲ常磐線,三河島,050036460
ＪＲ常磐線,南千住,050037600
ＪＲ常磐線,北千住,050011310
ＪＲ常磐線,綾瀬,050001370
ＪＲ常磐線,亀有,050009490
ＪＲ常磐線,金町,050008700
ＪＲ南武線,矢野口,018540120
ＪＲ南武線,稲城長沼,018503240
ＪＲ南武線,南多摩,018537650
ＪＲ南武線,府中本町,018534360
ＪＲ南武線,分倍河原,018534560
ＪＲ南武線,西府,018542410
ＪＲ南武線,谷保,018540200
ＪＲ南武線,矢川,018539710
ＪＲ南武線,西国立,018528700
ＪＲ南武線,立川,018523100
ＪＲ横浜線,成瀬,019028070
ＪＲ横浜線,町田,019035780
ＪＲ横浜線,相原,019000130
ＪＲ横浜線,八王子みなみ野,019030670
ＪＲ横浜線,片倉,019008370
ＪＲ横浜線,八王子,019030660
ＪＲ横須賀線,東京,012025620
ＪＲ横須賀線,新橋,012020110
ＪＲ横須賀線,品川,012017460
ＪＲ横須賀線,西大井,012028400
ＪＲ中央線,東京,030525620
ＪＲ中央線,神田,030510270
ＪＲ中央線,御茶ノ水,030506970
ＪＲ中央線,水道橋,030520470
ＪＲ中央線,飯田橋,030501820
ＪＲ中央線,市ヶ谷,030502980
ＪＲ中央線,四ツ谷,030541160
ＪＲ中央線,信濃町,030517470
ＪＲ中央線,千駄ヶ谷,030521520
ＪＲ中央線,代々木,030541280
ＪＲ中央線,新宿,030519670
ＪＲ中央線,大久保,030505600
ＪＲ中央線,東中野,030532110
ＪＲ中央線,中野,030527280
ＪＲ中央線,高円寺,030513930
ＪＲ中央線,阿佐ヶ谷,030500640
ＪＲ中央線,荻窪,030506640
ＪＲ中央線,西荻窪,030528500
ＪＲ中央線,吉祥寺,030511640
ＪＲ中央線,三鷹,030536880
ＪＲ中央線,武蔵境,030538740
ＪＲ中央線,東小金井,030531920
ＪＲ中央線,武蔵小金井,030538710
ＪＲ中央線,国分寺,030514690
ＪＲ中央線,西国分寺,030528740
ＪＲ中央線,国立,030512780
ＪＲ中央線,立川,030523100
ＪＲ中央線,日野,030532940
ＪＲ中央線,豊田,030526550
ＪＲ中央線,八王子,030530660
ＪＲ中央線,西八王子,030529300
ＪＲ中央線,高尾,030522180
ＪＲ青梅線,立川,032523100
ＪＲ青梅線,西立川,032529020
ＪＲ青梅線,東中神,032532090
ＪＲ青梅線,中神,032526970
ＪＲ青梅線,昭島,032500460
ＪＲ青梅線,拝島,032530150
ＪＲ青梅線,牛浜,032504240
ＪＲ青梅線,福生,032534390
ＪＲ青梅線,羽村,032531170
ＪＲ青梅線,小作,032506800
ＪＲ青梅線,河辺,032508860
ＪＲ青梅線,東青梅,032531680
ＪＲ青梅線,青梅,032505340
ＪＲ青梅線,宮ノ平,032538310
ＪＲ青梅線,日向和田,032532920
ＪＲ青梅線,石神前,032502140
ＪＲ青梅線,二俣尾,032534260
ＪＲ青梅線,軍畑,032501940
ＪＲ青梅線,沢井,032516630
ＪＲ青梅線,御嶽,032536910
ＪＲ青梅線,川井,032509830
ＪＲ青梅線,古里,032515490
ＪＲ青梅線,鳩ノ巣,032530870
ＪＲ青梅線,白丸,032518970
ＪＲ青梅線,奥多摩,032506680
ＪＲ五日市線,拝島,033030150
ＪＲ五日市線,熊川,033012850
ＪＲ五日市線,東秋留,033031560
ＪＲ五日市線,秋川,033000450
ＪＲ五日市線,武蔵引田,033038830
ＪＲ五日市線,武蔵増戸,033038850
ＪＲ五日市線,武蔵五日市,033038690
ＪＲ武蔵野線,府中本町,033534360
ＪＲ武蔵野線,北府中,033511550
ＪＲ武蔵野線,西国分寺,033528740
ＪＲ武蔵野線,新小平,033519530
ＪＲ武蔵野線,新秋津,033518980
ＪＲ八高線,八王子,034030660
ＪＲ八高線,北八王子,034011490
ＪＲ八高線,小宮,034015390
ＪＲ八高線,拝島,034030150
ＪＲ八高線,東福生,034032340
ＪＲ八高線,箱根ヶ崎,034030400
ＪＲ埼京線,西大井,039528400
ＪＲ埼京線,大崎,039505780
ＪＲ埼京線,恵比寿,039505050
ＪＲ埼京線,渋谷,039517640
ＪＲ埼京線,新宿,039519670
ＪＲ埼京線,池袋,039502060
ＪＲ埼京線,板橋,039502890
ＪＲ埼京線,十条,039518440
ＪＲ埼京線,赤羽,039500380
ＪＲ埼京線,北赤羽,039510870
ＪＲ埼京線,浮間舟渡,039504140
ＪＲ高崎線,東京,040525620
ＪＲ高崎線,上野,040504030
ＪＲ高崎線,尾久,040506650
ＪＲ高崎線,赤羽,040500380
ＪＲ宇都宮線,東京,043025620
ＪＲ宇都宮線,上野,043004030
ＪＲ宇都宮線,尾久,043006650
ＪＲ宇都宮線,赤羽,043000380
ＪＲ総武線,小岩,057313900
ＪＲ総武線,新小岩,057319450
ＪＲ総武線,平井,057333190
ＪＲ総武線,亀戸,057309500
ＪＲ総武線,錦糸町,057312220
ＪＲ総武線,両国,057341380
ＪＲ総武線,浅草橋,057300680
ＪＲ総武線,秋葉原,057300480
ＪＲ総武線,御茶ノ水,057306970
ＪＲ総武線,水道橋,057320470
ＪＲ総武線,飯田橋,057301820
ＪＲ総武線,市ヶ谷,057302980
ＪＲ総武線,四ツ谷,057341160
ＪＲ総武線,信濃町,057317470
ＪＲ総武線,千駄ヶ谷,057321520
ＪＲ総武線,代々木,057341280
ＪＲ総武線,新宿,057319670
ＪＲ総武線,大久保,057305600
ＪＲ総武線,東中野,057332110
ＪＲ総武線,中野,057327280
ＪＲ総武線,高円寺,057313930
ＪＲ総武線,阿佐ヶ谷,057300640
ＪＲ総武線,荻窪,057306640
ＪＲ総武線,西荻窪,057328500
ＪＲ総武線,吉祥寺,057311640
ＪＲ総武線,三鷹,057336880
ＪＲ総武線快速,東京,058025620
ＪＲ総武線快速,新日本橋,058020080
ＪＲ総武線快速,馬喰町,058030330
ＪＲ総武線快速,錦糸町,058012220
ＪＲ総武線快速,新小岩,058019450
ＪＲ京葉線,東京,060025620
ＪＲ京葉線,八丁堀,060030820
ＪＲ京葉線,越中島,060004910
ＪＲ京葉線,潮見,060017090
ＪＲ京葉線,新木場,060019330
ＪＲ京葉線,葛西臨海公園,060007770
東京メトロ銀座線,渋谷,001017640
東京メトロ銀座線,表参道,001007240
東京メトロ銀座線,外苑前,001007450
東京メトロ銀座線,青山一丁目,001000250
東京メトロ銀座線,赤坂見附,001000320
東京メトロ銀座線,溜池山王,001023660
東京メトロ銀座線,虎ノ門,001026650
東京メトロ銀座線,新橋,001020110
東京メトロ銀座線,銀座,001012200
東京メトロ銀座線,京橋,001012060
東京メトロ銀座線,日本橋,001029710
東京メトロ銀座線,三越前,001036980
東京メトロ銀座線,神田,001010270
東京メトロ銀座線,末広町,001020510
東京メトロ銀座線,上野広小路,001004070
東京メトロ銀座線,上野,001004030
東京メトロ銀座線,稲荷町,001003430
東京メトロ銀座線,田原町,001023730
東京メトロ銀座線,浅草,001000670
東京メトロ丸ノ内線,池袋,001502060
東京メトロ丸ノ内線,新大塚,001519160
東京メトロ丸ノ内線,茗荷谷,001538430
東京メトロ丸ノ内線,後楽園,001514430
東京メトロ丸ノ内線,本郷三丁目,001535340
東京メトロ丸ノ内線,御茶ノ水,001506970
東京メトロ丸ノ内線,淡路町,001501720
東京メトロ丸ノ内線,大手町,001506050
東京メトロ丸ノ内線,東京,001525620
東京メトロ丸ノ内線,銀座,001512200
東京メトロ丸ノ内線,霞ケ関,001508290
東京メトロ丸ノ内線,国会議事堂前,001515020
東京メトロ丸ノ内線,赤坂見附,001500320
東京メトロ丸ノ内線,四ツ谷,001541160
東京メトロ丸ノ内線,四谷三丁目,001541170
東京メトロ丸ノ内線,新宿御苑前,001519680
東京メトロ丸ノ内線,新宿三丁目,001519690
東京メトロ丸ノ内線,新宿,001519670
東京メトロ丸ノ内線,西新宿,001528860
東京メトロ丸ノ内線,中野坂上,001527320
東京メトロ丸ノ内線,中野新橋,001527360
東京メトロ丸ノ内線,中野富士見町,001527380
東京メトロ丸ノ内線,方南町,001534900
東京メトロ丸ノ内線,新中野,001520030
東京メトロ丸ノ内線,東高円寺,001531910
東京メトロ丸ノ内線,新高円寺,001519470
東京メトロ丸ノ内線,南阿佐ヶ谷,001537270
東京メトロ丸ノ内線,荻窪,001506640
東京メトロ日比谷線,中目黒,002027580
東京メトロ日比谷線,恵比寿,002005050
東京メトロ日比谷線,広尾,002033410
東京メトロ日比谷線,六本木,002041560
東京メトロ日比谷線,神谷町,002009450
東京メトロ日比谷線,虎ノ門ヒルズ,002084580
東京メトロ日比谷線,霞ケ関,002008290
東京メトロ日比谷線,日比谷,002033040
東京メトロ日比谷線,銀座,002012200
東京メトロ日比谷線,東銀座,002031870
東京メトロ日比谷線,築地,002024620
東京メトロ日比谷線,八丁堀,002030820
東京メトロ日比谷線,茅場町,002009680
東京メトロ日比谷線,人形町,002029780
東京メトロ日比谷線,小伝馬町,002015070
東京メトロ日比谷線,秋葉原,002000480
東京メトロ日比谷線,仲御徒町,002026940
東京メトロ日比谷線,上野,002004030
東京メトロ日比谷線,入谷,002003760
東京メトロ日比谷線,三ノ輪,002038130
東京メトロ日比谷線,南千住,002037600
東京メトロ日比谷線,北千住,002011310
東京メトロ東西線,中野,002527280
東京メトロ東西線,落合,002506940
東京メトロ東西線,高田馬場,002522350
東京メトロ東西線,早稲田,002541750
東京メトロ東西線,神楽坂,002507710
東京メトロ東西線,飯田橋,002501820
東京メトロ東西線,九段下,002512720
東京メトロ東西線,竹橋,002522950
東京メトロ東西線,大手町,002506050
東京メトロ東西線,日本橋,002529710
東京メトロ東西線,茅場町,002509680
東京メトロ東西線,門前仲町,002539600
東京メトロ東西線,木場,002511770
東京メトロ東西線,東陽町,002525900
東京メトロ東西線,南砂町,002537570
東京メトロ東西線,西葛西,002528520
東京メトロ東西線,葛西,002507760
東京メトロ千代田線,代々木上原,003041290
東京メトロ千代田線,代々木公園,003041300
東京メトロ千代田線,明治神宮前,003039010
東京メトロ千代田線,表参道,003007240
東京メトロ千代田線,乃木坂,003030010
東京メトロ千代田線,赤坂,003000300
東京メトロ千代田線,国会議事堂前,003015020
東京メトロ千代田線,霞ケ関,003008290
東京メトロ千代田線,日比谷,003033040
東京メトロ千代田線,二重橋前,003029480
東京メトロ千代田線,大手町,003006050
東京メトロ千代田線,新御茶ノ水,003019190
東京メトロ千代田線,湯島,003040710
東京メトロ千代田線,根津,003029860
東京メトロ千代田線,千駄木,003021530
東京メトロ千代田線,西日暮里,003029160
東京メトロ千代田線,町屋,003035790
東京メトロ千代田線,北千住,003011310
東京メトロ千代田線,綾瀬,003001370
東京メトロ千代田線,北綾瀬,003010900
東京メトロ有楽町線,新木場,004019330
東京メトロ有楽町線,辰巳,004023180
東京メトロ有楽町線,豊洲,004026540
東京メトロ有楽町線,月島,004024650
東京メトロ有楽町線,新富町,004019980
東京メトロ有楽町線,銀座一丁目,004012210
東京メトロ有楽町線,有楽町,004040650
東京メトロ有楽町線,桜田門,004016170
東京メトロ有楽町線,永田町,004027210
東京メトロ有楽町線,麹町,004014020
東京メトロ有楽町線,市ヶ谷,004002980
東京メトロ有楽町線,飯田橋,004001820
東京メトロ有楽町線,江戸川橋,004004940
東京メトロ有楽町線,護国寺,004014760
東京メトロ有楽町線,東池袋,004031600
東京メトロ有楽町線,池袋,004002060
東京メトロ有楽町線,要町,004008710
東京メトロ有楽町線,千川,004021350
東京メトロ有楽町線,小竹向原,004014950
東京メトロ有楽町線,氷川台,004032630
東京メトロ有楽町線,平和台,004034660
東京メトロ有楽町線,地下鉄赤塚,004004750
東京メトロ有楽町線,地下鉄成増,004004760
東京メトロ半蔵門線,渋谷,004517640
東京メトロ半蔵門線,表参道,004507240
東京メトロ半蔵門線,青山一丁目,004500250
東京メトロ半蔵門線,永田町,004527210
東京メトロ半蔵門線,半蔵門,004531420
東京メトロ半蔵門線,九段下,004512720
東京メトロ半蔵門線,神保町,004520210
東京メトロ半蔵門線,大手町,004506050
東京メトロ半蔵門線,三越前,004536980
東京メトロ半蔵門線,水天宮前,004520460
東京メトロ半蔵門線,清澄白河,004550050
東京メトロ半蔵門線,住吉,004520870
東京メトロ半蔵門線,錦糸町,004553960
東京メトロ半蔵門線,押上,004506820
東京メトロ南北線,目黒,005039110
東京メトロ南北線,白金台,005018930
東京メトロ南北線,白金高輪,005018940
東京メトロ南北線,麻布十番,005000800
東京メトロ南北線,六本木一丁目,005041570
東京メトロ南北線,溜池山王,005023660
東京メトロ南北線,永田町,005027210
東京メトロ南北線,四ツ谷,005041160
東京メトロ南北線,市ヶ谷,005002980
東京メトロ南北線,飯田橋,005001820
東京メトロ南北線,後楽園,005014430
東京メトロ南北線,東大前,005025730
東京メトロ南北線,本駒込,005035370
東京メトロ南北線,駒込,005015330
東京メトロ南北線,西ヶ原,005028560
東京メトロ南北線,王子,005005180
東京メトロ南北線,王子神谷,005005830
東京メトロ南北線,志茂,005017810
東京メトロ南北線,赤羽岩淵,005000390
東京メトロ副都心線,渋谷,004317640
東京メトロ副都心線,明治神宮前,004339010
東京メトロ副都心線,北参道,004380835
東京メトロ副都心線,新宿三丁目,004319690
東京メトロ副都心線,東新宿,004350015
東京メトロ副都心線,西早稲田,004380840
東京メトロ副都心線,雑司が谷,004380845
東京メトロ副都心線,池袋,004302060
東京メトロ副都心線,要町,004308710
東京メトロ副都心線,千川,004321350
東京メトロ副都心線,小竹向原,004314950
東京メトロ副都心線,氷川台,004332630
東京メトロ副都心線,平和台,004334660
東京メトロ副都心線,地下鉄赤塚,004304750
東京メトロ副都心線,地下鉄成増,004304760
西武有楽町線,小竹向原,003514950
西武有楽町線,新桜台,003519600
西武有楽町線,練馬,003529900
西武新宿線,西武新宿,035021050
西武新宿線,高田馬場,035022350
西武新宿線,下落合,035017990
西武新宿線,中井,035026830
西武新宿線,新井薬師前,035001440
西武新宿線,沼袋,035029830
西武新宿線,野方,035029980
西武新宿線,都立家政,035026720
西武新宿線,鷺ノ宮,035015990
西武新宿線,下井草,035017860
西武新宿線,井荻,035001870
西武新宿線,上井草,035009040
西武新宿線,上石神井,035009200
西武新宿線,武蔵関,035038780
西武新宿線,東伏見,035032310
西武新宿線,西武柳沢,035021080
西武新宿線,田無,035023300
西武新宿線,花小金井,035030900
西武新宿線,小平,035014930
西武新宿線,久米川,035012930
西武新宿線,東村山,035032490
西武池袋線,池袋,037002060
西武池袋線,椎名町,037016970
西武池袋線,東長崎,037032100
西武池袋線,江古田,037004830
西武池袋線,桜台,037016150
西武池袋線,練馬,037029900
西武池袋線,中村橋,037027570
西武池袋線,富士見台,037034040
西武池袋線,練馬高野台,037029920
西武池袋線,石神井公園,037018350
西武池袋線,大泉学園,037005440
西武池袋線,保谷,037034910
西武池袋線,ひばりヶ丘,037033000
西武池袋線,東久留米,037031890
西武池袋線,清瀬,037012120
西武池袋線,秋津,037000470
西武拝島線,小平,035514930
西武拝島線,萩山,035530230
西武拝島線,小川,035506610
西武拝島線,東大和市,035532550
西武拝島線,玉川上水,035523470
西武拝島線,武蔵砂川,035538770
西武拝島線,西武立川,035521060
西武拝島線,拝島,035530150
西武山口線,多摩湖,036521090
西武国分寺線,国分寺,032014690
西武国分寺線,恋ヶ窪,032013850
西武国分寺線,鷹の台,032022490
西武国分寺線,小川,032006610
西武国分寺線,東村山,032032490
西武多摩川線,武蔵境,031038740
西武多摩川線,新小金井,031019510
西武多摩川線,多磨,031023590
西武多摩川線,白糸台,031011360
西武多摩川線,競艇場前,031011990
西武多摩川線,是政,031015520
西武多摩湖線,国分寺,031514690
西武多摩湖線,一橋学園,031532880
西武多摩湖線,青梅街道,031505350
西武多摩湖線,萩山,031530230
西武多摩湖線,八坂,031539850
西武多摩湖線,武蔵大和,031538870
西武多摩湖線,多摩湖,031521090
西武西武園線,西武園,034521030
西武豊島線,豊島園,037526130
東武東上線,池袋,038502060
東武東上線,北池袋,038510930
東武東上線,下板橋,038517890
東武東上線,大山,038506420
東武東上線,中板橋,038526860
東武東上線,ときわ台,038525970
東武東上線,上板橋,038509050
東武東上線,東武練馬,038525870
東武東上線,下赤塚,038517820
東武東上線,成増,038528040
東武伊勢崎線,浅草,044000670
東武伊勢崎線,とうきょうスカイツリー,044028030
東武伊勢崎線,押上,044006820
東武伊勢崎線,曳舟,044032640
東武伊勢崎線,東向島,044032480
東武伊勢崎線,鐘ヶ淵,044008770
東武伊勢崎線,堀切,044035200
東武伊勢崎線,牛田,044004220
東武伊勢崎線,北千住,044011310
東武伊勢崎線,小菅,044014900
東武伊勢崎線,五反野,044014980
東武伊勢崎線,梅島,044004630
東武伊勢崎線,西新井,044028310
東武伊勢崎線,竹ノ塚,044022940
東武亀戸線,曳舟,044532640
東武亀戸線,小村井,044507200
東武亀戸線,東あずま,044531570
東武亀戸線,亀戸水神,044509510
東武亀戸線,亀戸,044509500
東武大師線,西新井,045028310
東武大師線,大師前,045021910
東急東横線,渋谷,022017640
東急東横線,代官山,022021850
東急東横線,中目黒,022027580
東急東横線,祐天寺,022040640
東急東横線,学芸大学,022007660
東急東横線,都立大学,022026730
東急東横線,自由が丘,022018410
東急東横線,田園調布,022025320
東急東横線,多摩川,022023450
東急田園都市線,渋谷,023017640
東急田園都市線,池尻大橋,023002000
東急田園都市線,三軒茶屋,023016720
東急田園都市線,駒沢大学,023015340
東急田園都市線,桜新町,023016140
東急田園都市線,用賀,023040800
東急田園都市線,二子玉川,023034230
東急田園都市線,つくし野,023024700
東急田園都市線,すずかけ台,023020660
東急田園都市線,南町田グランベリーパーク,023037790
東急池上線,五反田,020014970
東急池上線,大崎広小路,020005790
東急池上線,戸越銀座,020026090
東急池上線,荏原中延,020005020
東急池上線,旗の台,020030650
東急池上線,長原,020027430
東急池上線,洗足池,020021480
東急池上線,石川台,020002180
東急池上線,雪が谷大塚,020040690
東急池上線,御嶽山,020007440
東急池上線,久が原,020012440
東急池上線,千鳥町,020024160
東急池上線,池上,020001970
東急池上線,蓮沼,020030530
東急池上線,蒲田,020008940
東急目黒線,目黒,020539110
東急目黒線,不動前,020534410
東急目黒線,武蔵小山,020538730
東急目黒線,西小山,020528780
東急目黒線,洗足,020521470
東急目黒線,大岡山,020505520
東急目黒線,奥沢,020506660
東急目黒線,田園調布,020525320
東急目黒線,多摩川,020523450
東急多摩川線,多摩川,021023450
東急多摩川線,沼部,021029840
東急多摩川線,鵜の木,021004470
東急多摩川線,下丸子,021018280
東急多摩川線,武蔵新田,021038810
東急多摩川線,矢口渡,021039810
東急多摩川線,蒲田,021008940
東急大井町線,大井町,021505480
東急大井町線,下神明,021518100
東急大井町線,戸越公園,021526100
東急大井町線,中延,021527370
東急大井町線,荏原町,021505030
東急大井町線,旗の台,021530650
東急大井町線,北千束,021511320
東急大井町線,大岡山,021505520
東急大井町線,緑が丘,021537110
東急大井町線,自由が丘,021518410
東急大井町線,九品仏,021512830
東急大井町線,尾山台,021507280
東急大井町線,等々力,021526240
東急大井町線,上野毛,021509280
東急大井町線,二子玉川,021534230
東急世田谷線,三軒茶屋,023516720
東急世田谷線,西太子堂,023528990
東急世田谷線,若林,023541620
東急世田谷線,松陰神社前,023518530
東急世田谷線,世田谷,023521210
東急世田谷線,上町,023509410
東急世田谷線,宮の坂,023538270
東急世田谷線,山下,023540270
東急世田谷線,松原,023536030
東急世田谷線,下高井戸,023518140
都営浅草線,西馬込,005529410
都営浅草線,馬込,005535690
都営浅草線,中延,005527370
都営浅草線,戸越,005526080
都営浅草線,五反田,005514970
都営浅草線,高輪台,005522460
都営浅草線,泉岳寺,005521340
都営浅草線,三田,005536860
都営浅草線,大門,005522090
都営浅草線,新橋,005520110
都営浅草線,東銀座,005531870
都営浅草線,宝町,005522650
都営浅草線,日本橋,005529710
都営浅草線,人形町,005529780
都営浅草線,東日本橋,005532170
都営浅草線,浅草橋,005500680
都営浅草線,蔵前,005513010
都営浅草線,浅草,005500670
都営浅草線,本所吾妻橋,005535380
都営浅草線,押上,005506820
都営三田線,目黒,006039110
都営三田線,白金台,006018930
都営三田線,白金高輪,006018940
都営三田線,三田,006036860
都営三田線,芝公園,006017570
都営三田線,御成門,006007040
都営三田線,内幸町,006004290
都営三田線,日比谷,006033040
都営三田線,大手町,006006050
都営三田線,神保町,006020210
都営三田線,水道橋,006020470
都営三田線,春日,006008030
都営三田線,白山,006030270
都営三田線,千石,006021410
都営三田線,巣鴨,006020550
都営三田線,西巣鴨,006028890
都営三田線,新板橋,006019040
都営三田線,板橋区役所前,006002900
都営三田線,板橋本町,006002910
都営三田線,本蓮沼,006039290
都営三田線,志村坂上,006017790
都営三田線,志村三丁目,006017800
都営三田線,蓮根,006030540
都営三田線,西台,006028980
都営三田線,高島平,006022280
都営三田線,新高島平,006019810
都営三田線,西高島平,006029010
都営新宿線,新宿,006519670
都営新宿線,新宿三丁目,006519690
都営新宿線,曙橋,006500590
都営新宿線,市ヶ谷,006502980
都営新宿線,九段下,006512720
都営新宿線,神保町,006520210
都営新宿線,小川町,006506620
都営新宿線,岩本町,006503950
都営新宿線,馬喰横山,006530340
都営新宿線,浜町,006531100
都営新宿線,森下,006539490
都営新宿線,菊川,006510690
都営新宿線,住吉,006520870
都営新宿線,西大島,006528430
都営新宿線,大島,006505850
都営新宿線,東大島,006531700
都営新宿線,船堀,006534520
都営新宿線,一之江,006503060
都営新宿線,瑞江,006536730
都営新宿線,篠崎,006517480
都営大江戸線,新宿西口,007050010
都営大江戸線,東新宿,007050015
都営大江戸線,若松河田,007050020
都営大江戸線,牛込柳町,007050025
都営大江戸線,牛込神楽坂,007050030
都営大江戸線,飯田橋,007001820
都営大江戸線,春日,007008030
都営大江戸線,本郷三丁目,007035340
都営大江戸線,上野御徒町,007050035
都営大江戸線,新御徒町,007050040
都営大江戸線,蔵前,007013010
都営大江戸線,両国,007050045
都営大江戸線,森下,007039490
都営大江戸線,清澄白河,007050050
都営大江戸線,門前仲町,007039600
都営大江戸線,月島,007024650
都営大江戸線,勝どき,007050055
都営大江戸線,築地市場,007050060
都営大江戸線,汐留,007053930
都営大江戸線,大門,007022090
都営大江戸線,赤羽橋,007050065
都営大江戸線,麻布十番,007000800
都営大江戸線,六本木,007041560
都営大江戸線,青山一丁目,007000250
都営大江戸線,国立競技場,007014730
都営大江戸線,代々木,007041280
都営大江戸線,新宿,007019670
都営大江戸線,都庁前,007026200
都営大江戸線,西新宿五丁目,007028870
都営大江戸線,中野坂上,007027320
都営大江戸線,東中野,007032110
都営大江戸線,中井,007026830
都営大江戸線,落合南長崎,007006960
都営大江戸線,新江古田,007019110
都営大江戸線,練馬,007029900
都営大江戸線,豊島園,007026130
都営大江戸線,練馬春日町,007029910
都営大江戸線,光が丘,007032620
都電荒川線,早稲田,008541740
都電荒川線,面影橋,008507220
都電荒川線,学習院下,008507670
都電荒川線,鬼子母神前,008510820
都電荒川線,都電雑司ヶ谷,008521650
都電荒川線,東池袋四丁目,008531610
都電荒川線,向原,008538630
都電荒川線,大塚駅前,008506020
都電荒川線,巣鴨新田,008520560
都電荒川線,庚申塚,008514060
都電荒川線,新庚申塚,008519480
都電荒川線,西ヶ原四丁目,008528570
都電荒川線,滝野川一丁目,008522780
都電荒川線,飛鳥山,008500980
都電荒川線,王子駅前,008505200
都電荒川線,栄町,008515770
都電荒川線,梶原,008508010
都電荒川線,荒川車庫前,008501480
都電荒川線,荒川遊園地前,008501510
都電荒川線,小台,008506850
都電荒川線,宮ノ前,008538320
都電荒川線,熊野前,008512890
都電荒川線,東尾久三丁目,008531740
都電荒川線,町屋二丁目,008535810
都電荒川線,町屋駅前,008535800
都電荒川線,荒川七丁目,008501490
都電荒川線,荒川二丁目,008501500
都電荒川線,荒川区役所前,008501470
都電荒川線,荒川一中前,008550070
都電荒川線,三ノ輪橋,008538140
日暮里・舎人ライナー,日暮里,076529650
日暮里・舎人ライナー,西日暮里,076529160
日暮里・舎人ライナー,赤土小学校前,076580815
日暮里・舎人ライナー,熊野前,076512890
日暮里・舎人ライナー,足立小台,076580816
日暮里・舎人ライナー,扇大橋,076580817
日暮里・舎人ライナー,高野,076580818
日暮里・舎人ライナー,江北,076580819
日暮里・舎人ライナー,西新井大師西,076580820
日暮里・舎人ライナー,谷在家,076580821
日暮里・舎人ライナー,舎人公園,076580822
日暮里・舎人ライナー,舎人,076580823
日暮里・舎人ライナー,見沼代親水公園,076580824
京王井の頭線,渋谷,026517640
京王井の頭線,神泉,026519790
京王井の頭線,駒場東大前,026515370
京王井の頭線,池ノ上,026502030
京王井の頭線,下北沢,026518010
京王井の頭線,新代田,026519800
京王井の頭線,東松原,026532410
京王井の頭線,明大前,026539030
京王井の頭線,永福町,026504780
京王井の頭線,西永福,026528380
京王井の頭線,浜田山,026531090
京王井の頭線,高井戸,026522170
京王井の頭線,富士見ヶ丘,026534030
京王井の頭線,久我山,026512460
京王井の頭線,三鷹台,026536890
京王井の頭線,井の頭公園,026503510
京王井の頭線,吉祥寺,026511640
京王競馬場線,東府中,027032330
京王競馬場線,府中競馬正門前,027034350
京王新線,新宿,027519670
京王新線,初台,027530800
京王新線,幡ヶ谷,027530610
京王線,新宿,028019670
京王線,笹塚,028016280
京王線,代田橋,028021960
京王線,明大前,028039030
京王線,下高井戸,028018140
京王線,桜上水,028016130
京王線,上北沢,028009130
京王線,八幡山,028030710
京王線,芦花公園,028041450
京王線,千歳烏山,028024130
京王線,仙川,028021360
京王線,つつじヶ丘,028024850
京王線,柴崎,028017580
京王線,国領,028014740
京王線,布田,028034190
京王線,調布,028024440
京王線,西調布,028029060
京王線,飛田給,028026310
京王線,武蔵野台,028038820
京王線,多磨霊園,028023640
京王線,東府中,028032330
京王線,府中,028034340
京王線,分倍河原,028034560
京王線,中河原,028027000
京王線,聖蹟桜ヶ丘,028021020
京王線,百草園,028039160
京王線,高幡不動,028022520
京王線,南平,028037620
京王線,平山城址公園,028033390
京王線,長沼,028027270
京王線,北野,028011420
京王線,京王八王子,028013370
京王動物園線,多摩動物公園,028523550
京王相模原線,調布,029024440
京王相模原線,京王多摩川,029013340
京王相模原線,京王よみうりランド,029013390
京王相模原線,稲城,029003230
京王相模原線,京王永山,029013360
京王相模原線,京王多摩センター,029013350
京王相模原線,京王堀之内,029013380
京王相模原線,南大沢,029037360
京王相模原線,多摩境,029023480
京王高尾線,北野,029511420
京王高尾線,京王片倉,029513330
京王高尾線,山田,029540320
京王高尾線,めじろ台,029539130
京王高尾線,狭間,029530430
京王高尾線,高尾,029522180
京王高尾線,高尾山口,029522210
京成押上線,青砥,054000190
京成押上線,京成立石,054013610
京成押上線,四ツ木,054041140
京成押上線,八広,054040170
京成押上線,京成曳舟,054013670
京成押上線,押上,054006820
京成金町線,京成高砂,055013600
京成金町線,柴又,055017620
京成金町線,京成金町,055013550
京成本線,京成上野,055513510
京成本線,日暮里,055529650
京成本線,新三河島,055520290
京成本線,町屋,055535790
京成本線,千住大橋,055521440
京成本線,京成関屋,055513590
京成本線,堀切菖蒲園,055535210
京成本線,お花茶屋,055507120
京成本線,青砥,055500190
京成本線,京成高砂,055513600
京成本線,京成小岩,055513560
京成本線,江戸川,055504920
京急本線,泉岳寺,009521340
京急本線,品川,009517460
京急本線,北品川,009511210
京急本線,新馬場,009520140
京急本線,青物横丁,009500240
京急本線,鮫洲,009516530
京急本線,立会川,009523090
京急本線,大森海岸,009506380
京急本線,平和島,009534650
京急本線,大森町,009506400
京急本線,梅屋敷,009504660
京急本線,京急蒲田,009513410
京急本線,雑色,009521660
京急本線,六郷土手,009541470
京急空港線,京急蒲田,010013410
京急空港線,糀谷,010014030
京急空港線,大鳥居,010006110
京急空港線,穴守稲荷,010001130
京急空港線,天空橋,010025350
京急空港線,羽田空港第３ターミナル,010075907
京急空港線,羽田空港第１・第２ターミナル,010075910
小田急線,新宿,024019670
小田急線,南新宿,024037560
小田急線,参宮橋,024016710
小田急線,代々木八幡,024041310
小田急線,代々木上原,024041290
小田急線,東北沢,024031840
小田急線,下北沢,024018010
小田急線,世田谷代田,024021220
小田急線,梅ヶ丘,024004590
小田急線,豪徳寺,024014220
小田急線,経堂,024012020
小田急線,千歳船橋,024024140
小田急線,祖師ヶ谷大蔵,024021760
小田急線,成城学園前,024020990
小田急線,喜多見,024011580
小田急線,狛江,024015260
小田急線,和泉多摩川,024002510
小田急線,鶴川,024024990
小田急線,玉川学園前,024023460
小田急線,町田,024035780
小田急多摩線,小田急永山,025006890
小田急多摩線,小田急多摩センター,025006880
小田急多摩線,唐木田,025009710
多摩都市モノレール,多摩センター,030023490
多摩都市モノレール,松が谷,030035880
多摩都市モノレール,大塚・帝京大学,030006010
多摩都市モノレール,中央大学・明星大学,030024320
多摩都市モノレール,多摩動物公園,030023550
多摩都市モノレール,程久保,030035160
多摩都市モノレール,高幡不動,030022520
多摩都市モノレール,万願寺,030036220
多摩都市モノレール,甲州街道,030014050
多摩都市モノレール,柴崎体育館,030017590
多摩都市モノレール,立川南,030023120
多摩都市モノレール,立川北,030023110
多摩都市モノレール,高松,030022550
多摩都市モノレール,立飛,030023150
多摩都市モノレール,泉体育館,030002500
多摩都市モノレール,砂川七番,030020760
多摩都市モノレール,玉川上水,030023470
多摩都市モノレール,桜街道,030016060
多摩都市モノレール,上北台,030009140
りんかい線,新木場,009019330
りんかい線,東雲,009017510
りんかい線,国際展示場,009014660
りんかい線,東京テレポート,009025630
りんかい線,天王洲アイル,009025440
りんかい線,品川シーサイド,009053940
りんかい線,大井町,009005480
りんかい線,大崎,009005780
北総線,京成高砂,056013600
北総線,新柴又,056019660
東京モノレール,浜松町,008031160
東京モノレール,天王洲アイル,008025440
東京モノレール,大井競馬場前,008005410
東京モノレール,流通センター,008041350
東京モノレール,昭和島,008018760
東京モノレール,整備場,008031030
東京モノレール,天空橋,008025350
東京モノレール,羽田空港第３ターミナル,008031025
東京モノレール,新整備場,008019760
東京モノレール,羽田空港第１ターミナル,008031020
東京モノレール,羽田空港第２ターミナル,008075900
新交通ゆりかもめ,新橋,007520110
新交通ゆりかもめ,汐留,007553930
新交通ゆりかもめ,竹芝,007522890
新交通ゆりかもめ,日の出,007532960
新交通ゆりかもめ,芝浦ふ頭,007517560
新交通ゆりかもめ,お台場海浜公園,007506860
新交通ゆりかもめ,台場,007522030
新交通ゆりかもめ,東京国際クルーズターミナル,007534550
新交通ゆりかもめ,テレコムセンター,007525310
新交通ゆりかもめ,青海,007500230
新交通ゆりかもめ,東京ビッグサイト,007514670
新交通ゆりかもめ,有明,007501580
新交通ゆりかもめ,有明テニスの森,007579995
新交通ゆりかもめ,市場前,007580000
新交通ゆりかもめ,新豊洲,007580005
新交通ゆりかもめ,豊洲,007526540
埼玉高速鉄道,赤羽岩淵,064000390
つくばエクスプレス,秋葉原,076000480
つくばエクスプレス,新御徒町,076050040
つくばエクスプレス,浅草,076076085
つくばエクスプレス,南千住,076037600
つくばエクスプレス,北千住,076011310
つくばエクスプレス,青井,076076090
つくばエクスプレス,六町,076076095
湘南新宿ライン宇須,赤羽,758000380
湘南新宿ライン宇須,池袋,758002060
湘南新宿ライン宇須,新宿,758019670
湘南新宿ライン宇須,渋谷,758017640
湘南新宿ライン宇須,恵比寿,758005050
湘南新宿ライン宇須,大崎,758005780
湘南新宿ライン宇須,西大井,758028400
湘南新宿ライン高海,赤羽,758500380
湘南新宿ライン高海,池袋,758502060
湘南新宿ライン高海,新宿,758519670
湘南新宿ライン高海,渋谷,758517640
湘南新宿ライン高海,恵比寿,758505050
湘南新宿ライン高海,大崎,758505780
東海道新幹線,東京,015525620
東海道新幹線,品川,015517460
上越新幹線,東京,041525620
上越新幹線,上野,041504030
北陸新幹線,東京,042025620
北陸新幹線,上野,042004030
東北新幹線,東京,043525620
東北新幹線,上野,043504030
成田スカイアクセス,京成上野,056313510
成田スカイアクセス,日暮里,056329650
成田スカイアクセス,青砥,056300190
成田スカイアクセス,京成高砂,056313600
